Machine Element,QR Assigned
S01BM:SDS1,24580
S02BM:SDS1,24581
S05BM:SDS1,24582
S06BM:SDS1,24583
S07BM:SDS1,24584
S08BM:SDS1,24585
S09BM:SDS1,24586
S10BM:SDS1,24587
S11BM:SDS1,24588
S12BM:SDS1,24589
S13BM:SDS1,24590
S14BM:SDS1,24591
S16BM:SDS1,24592
S17BM:SDS1,24593
S19BM:SDS1,24594
S20BM:SDS1,24595
S23BM:SDS1,24596
S24BM:SDS1,24597
S33BM:SDS1,24598
S01ID:SDS1,24599
S02ID:SDS1,24600
S03ID:SDS1,24601
S04ID:SDS1,24602
S05ID:SDS1,24603
S06ID:SDS1,24604
S07ID:SDS1,24605
S08ID:SDS1,24606
S09ID:SDS1,24607
S10ID:SDS1,24608
S11ID:SDS1,24609
S12ID:SDS1,24610
S13ID:SDS1,24611
S14ID:SDS1,24612
S15ID:SDS1,24613
S16ID:SDS1,24614
S17ID:SDS1,24615
S18ID:SDS1,24616
S19ID:SDS1,24617
S20ID:SDS1,24618
S21ID:SDS1,24619
S22ID:SDS1,24620
S23ID:SDS1,24621
S24ID:SDS1,24622
S25ID:SDS1,24623
S26ID:SDS1,24624
S27ID:SDS1,24625
S28ID:SDS1,24626
S29ID:SDS1,24627
S30ID:SDS1,24628
S31ID:SDS1,24629
S32ID:SDS1,24630
S33ID:SDS1,24631
S34ID:SDS1,24632
S35ID:SDS1,24633
,
S01BMFE-XBPM:CM1,30017
S02BMFE-XBPM:CM1,30018
S05BMFE-XBPM:CM1,30019
S06BMFE-XBPM:CM1,30020
S07BMFE-XBPM:CM1,30021
S08BMFE-XBPM:CM1,30022
S09BMFE-XBPM:CM1,30023
S10BMFE-XBPM:CM1,30024
S11BMFE-XBPM:CM1,30025
S12BMFE-XBPM:CM1,30026
S13BMFE-XBPM:CM1,30027
S14BMFE-XBPM:CM1,30028
S16BMFE-XBPM:CM1,30029
S17BMFE-XBPM:CM1,30030
S19BMFE-XBPM:CM1,30031
S20BMFE-XBPM:CM1,30032
S23BMFE-XBPM:CM1,30033
S24BMFE-XBPM:CM1,30034
S33BMFE-XBPM:CM1,30035
,
S01IDFE-XBPM:CM1ds,30036
S01IDFE-XBPM:CM2ds,30037
S01IDFE-XBPM:CM3ds,30038
S01IDFE-XBPM:CM4ds,30039
S02IDFE-XBPM:CM1us,30040
S02IDFE-XBPM:CM2us,30041
S02IDFE-XBPM:CM3us,30042
S02IDFE-XBPM:CM4us,30043
S02IDFE-XBPM:CM1ds,30044
S02IDFE-XBPM:CM2ds,30045
S02IDFE-XBPM:CM3ds,30046
S02IDFE-XBPM:CM4ds,30047
S03IDFE-XBPM:CM1ds,30048
S03IDFE-XBPM:CM2ds,30049
S03IDFE-XBPM:CM3ds,30050
S03IDFE-XBPM:CM4ds,30051
S04IDFE-XBPM:CM1ds,30052
S04IDFE-XBPM:CM2ds,30053
S04IDFE-XBPM:CM3ds,30054
S04IDFE-XBPM:CM4ds,30055
S05IDFE-XBPM:CM1ds,30056
S05IDFE-XBPM:CM2ds,30057
S05IDFE-XBPM:CM3ds,30058
S05IDFE-XBPM:CM4ds,30059
S06IDFE-XBPM:CM1us,30060
S06IDFE-XBPM:CM2us,30061
S06IDFE-XBPM:CM3us,30062
S06IDFE-XBPM:CM4us,30063
S06IDFE-XBPM:CM1ds,30064
S06IDFE-XBPM:CM2ds,30065
S06IDFE-XBPM:CM3ds,30066
S06IDFE-XBPM:CM4ds,30067
S07IDFE-XBPM:CM1ds,30068
S07IDFE-XBPM:CM2ds,30069
S07IDFE-XBPM:CM3ds,30070
S07IDFE-XBPM:CM4ds,30071
S08IDFE-XBPM:CM1ds,30072
S08IDFE-XBPM:CM2ds,30073
S08IDFE-XBPM:CM3ds,30074
S08IDFE-XBPM:CM4ds,30075
S09IDFE-XBPM:CM1ds,30076
S09IDFE-XBPM:CM2ds,30077
S09IDFE-XBPM:CM3ds,30078
S09IDFE-XBPM:CM4ds,30079
S10IDFE-XBPM:CM1ds,30080
S10IDFE-XBPM:CM2ds,30081
S10IDFE-XBPM:CM3ds,30082
S10IDFE-XBPM:CM4ds,30083
S11IDFE-XBPM:CM1us,30084
S11IDFE-XBPM:CM2us,30085
S11IDFE-XBPM:CM3us,30086
S11IDFE-XBPM:CM4us,30087
S11IDFE-XBPM:CM1ds,30088
S11IDFE-XBPM:CM2ds,30089
S11IDFE-XBPM:CM3ds,30090
S11IDFE-XBPM:CM4ds,30091
S12IDFE-XBPM:CM1us,30092
S12IDFE-XBPM:CM2us,30093
S12IDFE-XBPM:CM3us,30094
S12IDFE-XBPM:CM4us,30095
S12IDFE-XBPM:CM1ds,30096
S12IDFE-XBPM:CM2ds,30097
S12IDFE-XBPM:CM3ds,30098
S12IDFE-XBPM:CM4ds,30099
S13IDFE-XBPM:CM1us,30100
S13IDFE-XBPM:CM2us,30101
S13IDFE-XBPM:CM3us,30102
S13IDFE-XBPM:CM4us,30103
S13IDFE-XBPM:CM1ds,30104
S13IDFE-XBPM:CM2ds,30105
S13IDFE-XBPM:CM3ds,30106
S13IDFE-XBPM:CM4ds,30107
S14IDFE-XBPM:CM1ds,30108
S14IDFE-XBPM:CM2ds,30109
S14IDFE-XBPM:CM3ds,30110
S14IDFE-XBPM:CM4ds,30111
S15IDFE-XBPM:CM1us,30112
S15IDFE-XBPM:CM2us,30113
S15IDFE-XBPM:CM3us,30114
S15IDFE-XBPM:CM4us,30115
S15IDFE-XBPM:CM1ds,30116
S15IDFE-XBPM:CM2ds,30117
S15IDFE-XBPM:CM3ds,30118
S15IDFE-XBPM:CM4ds,30119
S16IDFE-XBPM:CM1us,30120
S16IDFE-XBPM:CM2us,30121
S16IDFE-XBPM:CM3us,30122
S16IDFE-XBPM:CM4us,30123
S16IDFE-XBPM:CM1ds,30124
S16IDFE-XBPM:CM2ds,30125
S16IDFE-XBPM:CM3ds,30126
S16IDFE-XBPM:CM4ds,30127
S17IDFE-XBPM:CM1ds,30128
S17IDFE-XBPM:CM2ds,30129
S17IDFE-XBPM:CM3ds,30130
S17IDFE-XBPM:CM4ds,30131
S18IDFE-XBPM:CM1ds,30132
S18IDFE-XBPM:CM2ds,30133
S18IDFE-XBPM:CM3ds,30134
S18IDFE-XBPM:CM4ds,30135
S19IDFE-XBPM:CM1ds,30136
S19IDFE-XBPM:CM2ds,30137
S19IDFE-XBPM:CM3ds,30138
S19IDFE-XBPM:CM4ds,30139
S20IDFE-XBPM:CM1ds,30140
S20IDFE-XBPM:CM2ds,30141
S20IDFE-XBPM:CM3ds,30142
S20IDFE-XBPM:CM4ds,30143
S21IDFE-XBPM:CM1us,30144
S21IDFE-XBPM:CM2us,30145
S21IDFE-XBPM:CM3us,30146
S21IDFE-XBPM:CM4us,30147
S21IDFE-XBPM:CM1ds,30148
S21IDFE-XBPM:CM2ds,30149
S21IDFE-XBPM:CM3ds,30150
S21IDFE-XBPM:CM4ds,30151
S22IDFE-XBPM:CM1us,30152
S22IDFE-XBPM:CM2us,30153
S22IDFE-XBPM:CM3us,30154
S22IDFE-XBPM:CM4us,30155
S22IDFE-XBPM:CM1ds,30156
S22IDFE-XBPM:CM2ds,30157
S22IDFE-XBPM:CM3ds,30158
S22IDFE-XBPM:CM4ds,30159
S23IDFE-XBPM:CM1us,30160
S23IDFE-XBPM:CM2us,30161
S23IDFE-XBPM:CM3us,30162
S23IDFE-XBPM:CM4us,30163
S23IDFE-XBPM:CM1ds,30164
S23IDFE-XBPM:CM2ds,30165
S23IDFE-XBPM:CM3ds,30166
S23IDFE-XBPM:CM4ds,30167
S24IDFE-XBPM:CM1us,30168
S24IDFE-XBPM:CM2us,30169
S24IDFE-XBPM:CM3us,30170
S24IDFE-XBPM:CM4us,30171
S24IDFE-XBPM:CM1ds,30172
S24IDFE-XBPM:CM2ds,30173
S24IDFE-XBPM:CM3ds,30174
S24IDFE-XBPM:CM4ds,30175
S25IDFE-XBPM:CM1us,30176
S25IDFE-XBPM:CM2us,30177
S25IDFE-XBPM:CM3us,30178
S25IDFE-XBPM:CM4us,30179
S25IDFE-XBPM:CM1ds,30180
S25IDFE-XBPM:CM2ds,30181
S25IDFE-XBPM:CM3ds,30182
S25IDFE-XBPM:CM4ds,30183
S26IDFE-XBPM:CM1ds,30184
S26IDFE-XBPM:CM2ds,30185
S26IDFE-XBPM:CM3ds,30186
S26IDFE-XBPM:CM4ds,30187
S27IDFE-XBPM:CM1ds,30188
S27IDFE-XBPM:CM2ds,30189
S27IDFE-XBPM:CM3ds,30190
S27IDFE-XBPM:CM4ds,30191
S28IDFE-XBPM:CM1us,30192
S28IDFE-XBPM:CM2us,30193
S28IDFE-XBPM:CM3us,30194
S28IDFE-XBPM:CM4us,30195
S28IDFE-XBPM:CM1ds,30196
S28IDFE-XBPM:CM2ds,30197
S28IDFE-XBPM:CM3ds,30198
S28IDFE-XBPM:CM4ds,30199
S29IDFE-XBPM:CM1ds,30200
S29IDFE-XBPM:CM2ds,30201
S29IDFE-XBPM:CM3ds,30202
S29IDFE-XBPM:CM4ds,30203
S30IDFE-XBPM:CM1ds,30204
S30IDFE-XBPM:CM2ds,30205
S30IDFE-XBPM:CM3ds,30206
S30IDFE-XBPM:CM4ds,30207
S31IDFE-XBPM:CM1us,30208
S31IDFE-XBPM:CM2us,30209
S31IDFE-XBPM:CM3us,30210
S31IDFE-XBPM:CM4us,30211
S31IDFE-XBPM:CM1ds,30212
S31IDFE-XBPM:CM2ds,30213
S31IDFE-XBPM:CM3ds,30214
S31IDFE-XBPM:CM4ds,30215
S32IDFE-XBPM:CM1us,30216
S32IDFE-XBPM:CM2us,30217
S32IDFE-XBPM:CM3us,30218
S32IDFE-XBPM:CM4us,30219
S32IDFE-XBPM:CM1ds,30220
S32IDFE-XBPM:CM2ds,30221
S32IDFE-XBPM:CM3ds,30222
S32IDFE-XBPM:CM4ds,30223
S33IDFE-XBPM:CM1ds,30224
S33IDFE-XBPM:CM2ds,30225
S33IDFE-XBPM:CM3ds,30226
S33IDFE-XBPM:CM4ds,30227
S34IDFE-XBPM:CM1us,30228
S34IDFE-XBPM:CM2us,30229
S34IDFE-XBPM:CM3us,30230
S34IDFE-XBPM:CM4us,30231
S34IDFE-XBPM:CM1ds,30232
S34IDFE-XBPM:CM2ds,30233
S34IDFE-XBPM:CM3ds,30234
S34IDFE-XBPM:CM4ds,30235
S35IDFE-XBPM:CM1ds,30236
S35IDFE-XBPM:CM2ds,30237
S35IDFE-XBPM:CM3ds,30238
S35IDFE-XBPM:CM4ds,30239
